Player_Name,Coefficient,Std_Error
Intercept,2.114721033233186,0.705070535874307
